{
  "Loss_deepsc": {
    "steps": [
      0,
      1,
      2,
      3,
      4,
      5,
      6,
      7,
      8,
      9,
      10,
      11,
      12,
      13,
      14,
      15,
      16,
      17,
      18,
      19,
      20,
      21,
      22,
      23,
      24,
      25,
      26,
      27,
      28
    ],
    "values": [
      4.536317825317383,
      3.8622426986694336,
      3.3819894790649414,
      2.9785711765289307,
      2.64448618888855,
      2.5121376514434814,
      2.3272221088409424,
      2.144477605819702,
      1.9759963750839233,
      1.7483477592468262,
      1.6423165798187256,
      1.6009182929992676,
      1.4827110767364502,
      1.3414561748504639,
      1.2399929761886597,
      1.334944725036621,
      1.3283638954162598,
      1.0992590188980103,
      1.1441060304641724,
      1.0762356519699097,
      1.144435167312622,
      1.02824068069458,
      1.0337059497833252,
      0.9325176477432251,
      0.984108567237854,
      0.928646445274353,
      0.9576480984687805,
      0.8926350474357605,
      0.8697326183319092
    ]
  }
}